attendance,internal_marks,assignment_score,study_hours,prev_performance,result
82.45,57.25,54.17,2.94,69.13,0
72.93,47.27,67.65,3.2,58.97,0
84.72,57.2,56.8,10.12,34.88,1
97.85,64.78,60.93,5.0,47.26,1
71.49,55.88,90.1,6.96,55.27,1
71.49,55.73,85.11,3.02,31.27,1
98.69,42.36,45.51,3.05,46.7,0
86.51,43.07,77.45,7.7,71.74,1
67.96,29.75,77.17,1.63,85.69,1
83.14,86.49,47.78,3.96,52.45,1
68.05,32.61,77.28,5.09,73.62,1
68.01,42.53,88.07,5.28,25.55,1
78.63,42.07,48.16,4.55,71.87,1
46.3,71.11,51.24,5.99,45.53,1
49.13,49.69,80.26,6.73,65.53,1
66.57,77.46,69.07,6.84,55.54,1
59.81,42.88,73.27,2.54,83.77,1
79.71,60.02,70.11,4.29,44.26,1
61.38,39.96,70.86,7.99,71.3,1
53.82,93.61,45.1,7.24,54.97,1
96.98,33.62,80.71,1.57,57.15,1
71.61,60.58,82.54,5.88,56.69,1
76.01,66.41,61.56,0.5,44.78,1
53.63,62.45,64.35,5.12,59.75,1
66.83,51.66,42.03,9.74,58.87,1
76.66,52.66,72.71,2.63,64.34,1
57.74,55.79,73.58,2.91,61.52,1
80.64,52.35,64.07,6.91,74.36,0
65.99,72.35,81.87,1.14,76.62,0
70.62,94.79,59.99,3.42,41.09,1
65.97,44.97,73.47,6.49,75.64,0
100.0,30.34,49.71,3.41,38.65,0
74.8,53.41,64.65,4.41,70.58,1
59.13,100.0,62.38,6.86,71.16,1
87.34,40.53,68.38,6.05,25.6,0
56.69,84.5,59.46,5.67,61.67,1
78.13,85.2,63.03,4.15,51.57,1
45.6,45.04,77.39,5.93,46.34,0
55.08,65.24,58.45,4.69,84.32,1
77.95,84.31,40.9,6.14,48.23,1
86.08,48.18,91.24,3.76,45.49,1
77.57,51.34,85.72,4.54,61.36,1
73.27,44.53,45.62,2.53,72.34,1
70.48,36.73,75.35,4.91,57.45,0
52.82,43.31,57.46,2.97,80.99,0
64.2,32.97,68.95,2.21,69.56,0
68.09,55.61,69.41,5.65,20.79,0
90.86,41.14,61.48,5.53,50.47,1
80.15,59.21,53.24,6.96,49.89,0
48.55,26.99,54.64,3.92,68.63,0
79.86,60.96,51.26,6.02,20.0,1
69.22,70.0,52.52,6.38,100.0,1
64.85,19.11,63.99,6.11,69.56,0
84.18,61.73,54.26,2.94,62.68,1
90.46,77.1,75.23,5.37,81.27,1
88.97,33.23,87.31,5.91,100.0,1
62.41,85.11,56.3,5.02,75.67,1
70.36,62.54,68.59,0.5,77.08,1
79.97,42.31,72.5,5.4,62.35,1
89.63,54.0,72.08,10.53,57.45,1
67.81,65.05,66.14,4.1,51.44,1
72.22,56.37,76.14,3.18,45.13,1
58.4,64.7,72.23,5.93,47.63,1
57.06,38.43,46.44,5.78,35.69,1
87.19,58.05,78.04,7.98,58.63,1
95.34,29.55,78.31,1.86,29.68,0
73.92,53.0,53.55,6.83,63.44,0
90.05,38.73,65.57,6.48,59.35,1
80.42,41.76,75.25,4.64,62.64,1
65.32,77.25,61.86,5.85,50.6,1
80.42,74.64,81.09,7.57,100.0,1
98.07,65.96,100.0,7.18,84.48,1
74.46,35.34,53.21,2.14,37.6,0
98.47,49.3,44.28,7.05,64.19,1
35.7,76.84,69.56,4.84,49.06,1
87.33,57.55,75.82,5.18,41.74,1
76.31,96.75,61.54,5.18,35.88,1
70.51,62.08,86.8,4.62,67.78,1
76.38,58.46,44.92,7.98,47.74,0
45.19,49.44,75.39,4.79,77.42,1
71.7,57.4,55.91,2.2,77.89,1
80.36,52.26,90.79,4.02,84.73,1
97.17,67.75,94.89,5.45,44.66,1
67.23,72.22,53.5,8.07,68.56,1
62.87,40.85,56.76,6.51,71.38,0
67.47,31.04,77.89,2.87,51.46,0
88.73,21.95,59.19,11.21,46.11,1
79.93,64.14,64.32,5.66,88.97,1
67.05,35.14,65.38,8.19,64.09,1
82.7,16.25,36.2,4.62,71.45,0
76.46,61.99,64.79,6.33,45.2,1
89.53,99.87,54.65,7.1,38.05,1
64.47,54.89,57.6,8.05,49.75,1
70.09,70.09,86.65,7.64,57.77,1
69.12,56.47,46.15,7.18,40.84,1
53.05,53.22,77.2,4.21,59.82,1
79.44,71.54,60.82,3.57,29.61,0
78.92,49.78,60.8,5.83,39.84,1
75.08,59.81,76.86,7.33,72.08,1
71.48,60.79,70.1,4.44,70.87,1
53.77,42.97,73.56,7.66,52.95,0
68.69,72.86,79.52,8.63,41.68,1
69.86,51.85,60.03,2.71,41.51,0
62.97,41.4,55.82,2.91,53.28,0
72.58,64.66,48.72,4.65,71.6,1
81.06,38.83,52.62,5.77,76.71,1
100.0,55.51,100.0,3.69,51.06,1
77.62,54.84,83.67,8.38,39.24,1
78.86,74.55,44.73,6.06,64.82,1
73.88,63.54,45.16,5.1,45.18,0
46.22,54.55,72.23,1.41,50.67,1
74.6,69.72,73.21,1.71,83.85,1
75.9,80.02,73.23,5.7,74.89,1
100.0,65.04,61.18,0.5,62.84,1
72.11,55.19,63.12,7.53,37.11,1
79.52,31.39,69.92,4.6,63.81,0
74.48,35.83,66.29,12.0,79.13,1
57.47,49.51,31.71,10.77,53.24,0
92.14,44.03,61.55,4.55,84.32,1
86.28,51.63,52.23,4.73,83.27,1
86.87,56.02,67.63,7.49,89.95,1
61.36,64.53,100.0,9.26,65.49,1
96.04,53.73,70.51,0.9,70.57,1
53.97,63.76,60.3,0.53,85.46,1
83.8,56.16,78.83,3.44,68.05,1
100.0,19.44,72.24,6.46,50.98,0
60.14,38.09,71.3,6.24,51.93,1
66.51,52.41,74.1,7.67,64.29,1
76.49,33.23,95.85,2.0,36.77,0
67.45,65.8,48.04,0.5,57.42,0
51.74,82.55,72.1,7.15,79.74,1
76.03,76.94,51.1,2.93,20.56,0
59.07,51.16,73.33,0.5,87.62,1
82.1,81.83,51.22,5.36,80.2,1
61.21,57.68,58.74,6.98,51.72,0
98.25,48.93,60.57,4.69,69.78,1
63.25,43.96,79.64,3.86,60.06,1
70.17,49.56,78.78,4.6,82.14,1
87.2,48.01,46.31,4.07,77.69,1
56.54,58.07,65.82,1.63,34.8,1
78.41,57.89,54.36,3.21,70.57,1
94.61,55.05,46.12,6.3,56.3,1
50.89,62.86,61.74,5.8,61.49,1
77.77,76.43,60.37,5.42,46.89,1
78.9,72.09,100.0,2.51,91.47,1
86.73,28.27,71.49,4.55,78.72,1
56.45,10.0,44.34,0.5,46.68,0
55.19,71.82,56.53,5.45,35.98,0
82.83,30.4,80.32,8.57,53.06,0
79.45,50.95,96.33,1.31,67.82,1
78.76,33.94,41.21,3.54,64.32,1
80.2,22.56,36.8,5.82,82.56,0
64.8,64.75,93.06,8.13,74.22,1
78.48,68.66,70.84,3.88,77.45,1
79.4,44.62,51.98,3.27,65.88,1
64.28,10.0,73.02,0.5,34.99,0
100.0,45.17,25.46,5.26,56.48,1
82.11,62.05,65.05,10.11,79.08,1
57.13,28.38,69.92,5.69,59.07,0
84.85,58.3,78.86,4.94,69.06,1
60.38,54.72,49.79,5.81,54.26,1
86.81,65.43,66.29,4.97,41.46,1
92.38,57.15,51.12,2.97,57.78,0
62.69,37.48,68.83,7.06,65.56,0
89.45,76.54,51.57,5.56,48.2,1
81.19,52.15,58.88,5.04,55.76,1
87.33,54.51,50.06,2.56,43.09,1
100.0,38.2,74.77,8.26,80.15,1
71.32,47.02,77.88,6.66,54.7,1
63.69,39.07,61.48,3.62,86.15,1
61.66,51.89,65.57,7.5,87.52,1
62.76,85.81,43.27,3.76,58.54,1
73.84,30.31,60.5,3.04,41.85,0
80.12,25.96,64.25,3.1,22.45,0
79.15,81.48,100.0,0.57,33.5,1
87.41,51.23,48.32,6.18,35.27,1
75.2,42.96,86.96,0.5,84.81,1
96.8,73.72,79.95,1.93,62.08,1
71.03,44.1,69.21,0.5,67.01,1
100.0,87.87,91.38,4.78,20.03,1
84.39,67.2,70.58,4.62,38.44,1
62.14,46.22,70.84,4.18,75.97,0
58.94,93.83,64.2,2.39,65.16,0
82.24,44.1,83.35,2.07,57.35,1
71.65,68.36,81.45,6.16,70.17,1
85.71,60.39,55.61,3.62,89.44,1
82.1,78.43,45.21,5.79,56.02,1
73.91,83.11,61.96,2.79,61.25,1
62.3,55.58,53.0,5.45,63.47,1
52.28,41.44,64.05,8.26,100.0,1
68.3,63.28,83.56,6.47,22.21,1
87.85,42.8,58.14,3.97,72.3,0
78.21,91.24,64.36,5.64,57.93,1
56.31,57.46,65.87,4.4,70.2,1
77.6,48.42,77.73,5.02,48.17,0
80.78,58.32,31.3,4.19,59.12,1
61.74,30.75,55.9,4.59,72.81,0
77.31,37.51,68.17,5.53,100.0,1
75.87,76.61,83.0,2.52,74.54,1
57.86,43.18,57.62,2.46,44.73,0
80.37,36.16,36.85,1.53,52.37,0
83.41,64.66,74.3,1.0,51.84,0
91.25,76.34,55.47,1.96,27.68,1
90.81,67.94,47.16,5.4,54.06,1
54.33,72.93,55.63,2.77,73.19,0
60.93,41.38,62.23,6.28,37.06,1
82.73,29.41,55.93,5.09,78.87,0
82.71,82.02,31.92,0.5,68.78,1
82.73,49.19,78.46,6.64,46.78,1
100.0,50.49,84.12,7.03,57.45,1
83.56,78.91,74.77,2.52,88.77,1
92.03,65.01,47.93,6.05,73.2,1
89.31,63.21,61.98,2.86,60.16,1
84.77,93.97,64.9,5.24,55.72,1
70.27,43.42,73.98,1.84,61.38,0
86.38,71.7,75.03,0.52,50.79,0
63.41,56.03,53.99,4.04,22.11,0
71.45,59.83,66.23,4.69,96.76,1
67.72,82.51,71.86,4.01,62.8,1
76.23,64.14,86.84,2.04,67.17,1
100.0,64.69,75.57,4.0,58.96,1
46.99,74.31,76.84,5.67,46.77,1
85.29,48.43,66.26,4.89,56.65,1
50.81,39.89,86.16,5.46,31.21,1
67.92,36.19,71.15,3.32,100.0,1
91.33,19.61,52.08,7.93,37.78,0
75.96,92.01,86.05,2.06,41.42,1
58.83,35.14,75.47,6.22,52.08,0
64.27,51.02,58.35,7.95,83.19,1
85.19,50.02,57.81,6.2,60.26,1
64.04,60.53,69.45,4.49,37.75,1
78.25,69.68,71.95,3.68,82.58,1
75.68,70.49,67.96,7.59,73.16,1
65.23,44.5,69.67,1.44,69.69,0
100.0,51.99,90.5,2.57,72.88,1
84.51,60.09,81.07,4.01,100.0,1
44.62,50.52,67.86,8.09,99.33,1
77.8,83.93,79.12,5.95,47.64,1
65.07,63.84,49.51,2.58,89.23,0
87.79,68.23,70.97,4.22,66.9,1
63.11,66.93,92.14,3.46,68.98,1
73.28,76.12,61.73,3.23,29.54,0
82.57,58.26,52.29,7.45,56.93,1
87.99,31.66,55.22,1.57,45.37,1
57.0,62.19,48.66,9.02,74.91,1
69.98,43.28,53.23,7.07,79.28,1
67.88,45.48,59.44,7.73,22.66,1
65.2,65.55,43.92,3.84,59.6,1
100.0,77.29,65.23,4.63,80.19,1
81.07,55.38,78.53,1.42,56.64,1
56.09,60.56,51.38,3.69,73.12,0
88.77,85.64,87.79,6.23,66.32,1
100.0,59.33,72.66,8.24,66.15,1
90.49,100.0,80.46,2.23,55.12,1
52.21,65.18,55.13,4.09,38.1,0
67.74,23.31,77.82,4.62,39.81,0
94.0,68.56,48.62,1.51,72.77,1
64.38,61.86,78.35,6.48,60.35,0
81.66,78.22,67.58,3.19,57.51,1
86.62,67.12,73.3,4.51,52.37,1
61.1,52.51,47.37,3.87,54.51,1
74.11,32.96,51.57,3.03,78.84,1
30.0,51.24,73.96,4.98,53.97,0
59.63,39.69,50.77,4.46,35.86,0
71.21,44.55,71.95,4.07,73.39,0
56.28,65.59,44.49,3.18,56.31,0
99.49,85.06,77.72,5.8,60.57,1
53.55,62.1,46.51,9.13,88.94,1
68.4,33.47,73.28,5.35,59.63,1
76.96,63.0,74.38,7.49,65.21,1
96.62,76.54,54.55,1.52,38.78,1
53.46,44.02,73.73,5.39,56.05,1
92.45,52.59,68.91,2.26,70.97,1
75.15,55.26,56.92,1.31,32.0,0
60.28,40.87,49.87,3.15,63.62,0
81.93,66.67,35.56,7.98,61.81,1
77.99,52.82,70.24,7.38,60.74,1
66.0,62.55,41.53,5.61,78.67,1
76.05,39.03,66.43,1.17,66.02,0
69.22,47.13,61.05,4.51,86.61,1
76.7,68.0,75.19,5.75,42.12,1
84.93,48.29,60.47,5.44,62.45,1
98.79,86.09,60.06,0.5,61.52,1
56.43,47.81,75.98,2.77,40.75,1
100.0,59.04,70.03,4.84,77.21,1
45.72,71.79,69.74,6.34,100.0,1
72.72,29.47,72.04,0.5,59.69,0
83.82,23.31,41.97,4.59,69.09,1
79.21,27.54,76.35,5.36,61.52,1
65.66,77.73,74.19,7.12,47.16,1
71.88,45.07,49.75,6.73,27.23,0
67.6,100.0,61.34,6.46,47.3,1
66.16,44.84,64.41,3.0,34.94,0
87.74,58.32,62.98,0.5,90.67,1
80.36,82.76,70.01,4.02,57.93,1
64.61,91.11,86.47,7.5,53.77,1
88.49,92.11,81.23,8.48,76.0,1
79.61,76.75,45.32,6.78,39.81,1
87.19,73.43,74.33,6.07,46.2,1
84.44,65.67,84.93,5.95,61.23,1
62.57,69.01,70.8,3.61,78.52,1
66.6,45.08,81.36,4.67,69.03,0
86.21,40.27,95.18,9.17,64.47,1
84.16,54.94,80.36,2.64,61.41,1
74.69,51.94,68.74,9.04,67.2,0
76.76,46.84,80.68,4.19,63.63,1
94.16,67.53,67.17,8.31,41.46,1
66.13,72.2,65.36,1.48,60.83,1
83.21,56.59,59.73,6.46,40.67,1
71.97,81.6,88.45,3.16,61.46,1
71.73,34.45,52.72,1.46,51.35,0
91.48,51.51,87.99,5.55,100.0,1
87.38,42.1,72.5,7.52,59.28,0
87.2,21.4,44.01,2.89,34.72,0
94.58,53.51,70.51,1.25,57.58,1
75.32,52.81,33.5,4.77,69.35,1
85.23,82.24,74.38,4.78,90.12,1
70.35,66.35,78.28,6.37,49.39,1
79.86,36.56,56.11,7.37,31.52,1
73.05,88.37,66.85,4.85,74.7,1
76.45,76.98,94.31,9.64,35.15,1
83.93,65.48,57.41,5.56,52.15,1
62.73,50.92,49.12,4.13,55.36,0
100.0,37.73,87.22,0.97,58.75,1
59.91,48.3,94.44,4.34,72.4,1
56.79,74.6,65.06,4.16,47.69,0
92.37,88.92,80.17,7.4,55.07,1
86.87,82.78,85.12,6.16,59.74,1
84.36,46.2,53.86,2.05,62.69,1
84.43,34.85,57.72,5.43,61.76,1
74.82,57.54,83.46,6.68,67.85,1
61.54,23.17,90.28,8.82,75.19,0
76.14,60.82,73.44,7.22,67.07,1
64.84,52.34,51.8,6.9,68.16,1
89.63,46.61,94.81,5.15,31.52,1
72.79,26.3,57.04,5.97,60.9,0
62.62,64.24,59.97,8.12,68.63,1
70.18,45.41,70.14,1.67,73.12,0
81.19,33.94,88.31,4.13,47.54,1
66.54,10.0,77.81,3.07,48.14,0
62.67,54.5,71.22,5.95,49.67,0
78.66,86.9,71.95,8.08,69.66,1
78.67,84.9,65.65,3.51,78.61,1
67.4,46.77,73.37,0.5,52.67,0
67.93,44.16,27.06,3.97,76.34,0
78.48,63.44,60.55,7.28,62.22,1
53.28,37.03,68.62,6.34,57.76,0
53.89,60.43,47.73,6.07,56.2,1
64.22,68.79,70.79,4.3,73.44,1
71.8,77.08,61.93,1.8,65.86,1
79.66,53.2,91.33,6.29,100.0,1
97.13,51.33,88.6,2.91,44.66,1
87.86,39.2,58.01,10.46,69.33,1
72.6,40.12,62.74,6.43,50.47,1
74.71,50.92,63.89,3.55,44.35,0
59.96,61.61,58.23,3.47,59.8,0
74.72,71.44,67.93,4.77,62.47,1
70.67,40.54,53.63,4.4,100.0,0
79.84,81.87,48.04,7.79,56.69,1
62.59,50.12,74.34,5.47,39.66,0
82.79,54.62,74.44,3.17,64.91,1
97.99,41.55,52.94,9.73,22.66,1
73.37,11.36,78.43,5.12,58.34,0
81.03,70.91,55.53,6.92,60.29,1
85.35,68.26,68.8,3.48,74.3,1
68.98,49.94,77.31,5.91,77.53,1
78.36,56.21,64.5,5.78,50.94,1
75.19,64.29,71.82,0.5,57.29,0
76.47,26.87,57.25,10.04,46.21,0
63.4,45.48,62.05,8.23,39.69,0
75.37,69.3,61.91,4.01,65.58,1
82.47,32.42,53.8,2.24,37.08,0
96.77,60.28,62.35,5.87,52.54,1
89.39,30.58,41.77,5.22,42.09,1
100.0,63.4,57.63,5.89,69.89,1
63.49,54.36,60.73,5.48,92.43,1
88.08,25.93,61.16,6.27,36.57,0
77.75,75.97,61.38,8.62,26.65,1
100.0,41.78,64.07,6.42,57.75,1
62.88,40.42,72.19,2.38,60.28,0
62.4,58.61,78.12,8.41,63.94,1
66.01,75.68,55.25,9.1,51.97,1
43.14,36.72,46.95,12.0,56.39,0
67.11,56.11,49.37,2.19,66.62,0
63.61,62.72,57.69,5.61,78.73,1
77.26,67.48,59.72,0.5,24.81,1
80.13,58.18,53.45,6.38,53.36,1
100.0,48.39,45.56,3.63,63.85,0
89.26,40.1,58.16,9.81,43.48,1
66.35,56.55,67.72,3.06,91.16,1
61.52,35.7,73.93,0.78,48.56,0
82.38,10.0,56.64,3.82,59.26,0
55.2,62.86,58.81,0.5,70.01,0
100.0,71.27,51.1,6.88,49.36,1
92.69,12.47,64.53,0.5,26.76,0
67.96,36.82,52.27,5.07,52.28,1
49.3,66.14,73.6,0.5,78.53,1
95.31,92.03,38.21,4.2,53.94,1
73.28,55.37,59.61,9.11,44.76,1
93.57,41.9,69.52,5.9,76.66,1
51.08,51.71,67.76,2.84,54.05,0
66.01,79.75,100.0,4.92,50.82,1
75.08,43.37,70.25,5.05,62.69,1
75.7,40.61,49.94,6.18,73.87,1
68.25,46.31,63.57,1.58,100.0,1
84.34,37.84,38.36,6.48,74.89,1
58.99,57.21,63.79,0.5,80.88,0
72.86,84.24,52.5,3.43,50.89,1
76.8,60.82,78.73,3.78,41.53,1
82.72,50.46,56.76,6.58,61.12,1
85.67,49.75,63.25,5.06,61.93,1
58.13,26.86,55.47,1.49,40.59,0
51.99,70.9,91.08,2.54,56.84,0
94.17,53.6,60.18,5.5,67.19,1
79.98,51.75,92.49,4.8,66.49,1
63.77,100.0,77.21,3.55,69.08,1
98.27,60.38,72.23,3.8,65.24,1
76.74,41.47,70.53,6.74,50.87,1
92.69,47.33,70.91,3.71,50.75,1
76.01,75.67,36.08,4.78,38.42,1
100.0,57.04,60.82,10.42,92.13,1
100.0,29.11,77.68,1.44,60.24,0
71.27,71.55,64.27,0.5,55.95,1
89.57,42.97,43.92,6.96,43.28,1
84.68,88.72,64.21,3.3,100.0,1
95.53,74.44,90.56,4.2,40.68,1
60.53,46.95,83.7,3.05,52.28,0
85.29,78.06,64.07,4.35,67.49,1
90.88,56.22,79.27,9.0,70.8,1
48.62,70.35,59.5,7.01,77.24,1
57.25,63.73,39.44,7.16,92.54,1
44.41,39.77,51.13,1.46,69.11,0
70.96,43.42,88.44,2.12,40.99,0
85.76,73.54,60.89,0.5,55.37,0
97.54,48.97,61.35,2.98,65.54,1
76.11,47.73,60.5,7.39,97.23,1
99.43,37.81,93.56,6.29,34.84,0
54.3,62.62,89.39,4.45,81.65,1
49.45,92.13,98.28,4.94,63.24,1
74.17,35.78,62.61,3.28,75.08,1
80.76,55.44,69.43,5.51,58.16,0
74.51,80.42,42.25,6.91,44.84,1
43.99,53.57,87.15,0.96,73.52,0
73.66,63.14,47.48,5.75,71.78,1
55.43,35.88,68.25,7.33,77.5,1
85.05,62.71,48.54,3.96,59.76,0
80.5,51.63,56.17,6.75,49.2,0
60.9,72.74,52.44,12.0,31.94,1
67.29,76.37,55.88,4.74,74.75,0
59.11,100.0,56.91,5.98,67.63,1
74.06,65.43,56.78,3.15,42.62,1
89.33,60.86,77.5,5.45,50.31,1
60.21,58.5,48.43,6.15,51.6,0
82.56,48.64,68.31,5.49,33.31,0
67.05,61.09,83.27,2.45,45.28,0
63.11,49.68,57.3,5.52,39.59,0
73.39,58.03,54.23,8.66,52.58,0
59.47,78.72,61.54,6.12,46.7,1
66.7,36.88,82.7,7.4,30.71,0
57.03,75.52,67.91,4.41,96.41,1
100.0,78.71,57.03,6.87,82.55,1
75.53,52.87,72.26,5.7,45.98,0
64.5,16.81,48.47,2.62,64.9,0
78.21,44.06,75.22,5.8,67.51,1
73.32,78.35,71.13,2.52,81.44,1
71.69,54.59,60.38,3.42,45.27,1
84.21,37.01,52.42,5.47,79.66,0
86.36,45.91,51.7,5.74,50.14,0
67.04,70.13,73.02,2.03,35.95,1
66.36,64.84,83.43,7.63,73.03,1
70.87,50.7,55.44,6.43,83.23,1
40.47,48.4,71.88,3.24,100.0,0
52.27,47.95,33.69,1.16,38.4,0
95.5,38.4,56.23,4.64,72.58,0
99.67,84.08,64.53,3.89,52.62,1
71.26,49.2,51.35,5.28,74.1,1
83.65,76.91,50.95,4.09,33.53,1
79.67,82.38,54.98,0.5,37.27,0
100.0,72.97,69.38,4.03,46.03,1
91.79,47.23,62.19,4.24,61.42,1
73.08,62.27,31.43,6.58,48.46,1
60.67,54.56,33.19,3.25,71.86,0
50.9,38.73,55.9,9.2,78.48,0
78.05,60.84,71.87,0.5,70.79,1
63.65,33.78,23.79,8.28,89.14,1
53.67,76.38,57.5,4.44,67.48,1
65.3,46.64,57.11,7.15,38.1,0
58.78,58.62,85.83,5.2,84.54,0
100.0,60.1,59.22,7.85,49.11,1
88.22,50.34,70.74,4.03,76.39,1
74.88,65.56,67.12,2.25,88.33,1
97.2,46.45,33.04,8.55,68.22,1
76.16,70.68,76.52,4.72,33.07,1
62.08,30.77,68.23,5.55,43.47,0
97.85,57.27,72.62,8.09,83.81,1
83.08,89.9,100.0,2.42,56.96,1
59.44,36.99,33.74,6.49,61.43,1
72.14,42.8,90.87,3.53,73.66,1
61.87,64.25,60.69,4.67,72.53,1
54.26,58.23,69.31,5.18,65.02,1
88.89,61.31,64.32,1.25,56.24,1
100.0,63.81,58.64,3.05,54.37,1
54.02,66.42,56.45,8.38,75.44,1
83.44,74.97,69.94,7.22,69.96,1
65.24,62.38,42.24,4.84,55.37,1
67.69,50.66,76.26,5.61,79.48,1
66.11,67.11,58.76,4.26,57.68,1
62.04,89.2,48.05,8.39,44.67,1
75.73,52.61,58.25,4.5,46.34,0
62.54,37.46,83.86,5.58,42.38,1
79.06,74.93,56.97,7.87,55.1,1
74.25,52.83,70.38,3.06,82.21,1
71.42,15.89,54.04,8.9,45.51,0
61.39,70.25,76.37,1.17,63.39,1
66.35,45.36,75.28,9.07,48.18,1
86.33,53.37,92.73,4.07,55.31,1
82.51,60.98,62.37,4.39,32.82,1
60.34,58.43,75.03,0.5,56.03,0
76.49,67.77,66.47,3.86,56.51,0
86.27,47.16,84.44,2.4,69.73,1
49.96,64.24,54.22,3.48,64.02,0
83.15,50.33,76.18,4.66,38.43,1
65.06,68.3,62.08,7.39,79.52,1
83.56,66.08,64.04,5.52,63.79,1
63.55,38.16,66.38,5.77,63.57,1
47.93,74.55,68.78,2.26,59.83,1
50.59,45.35,63.26,2.8,50.68,0
75.72,69.55,68.22,9.5,63.92,1
78.9,61.61,88.67,3.16,68.56,1
61.44,88.09,79.78,9.14,28.56,1
84.58,50.98,78.04,4.39,50.3,1
50.08,48.71,58.17,5.01,55.41,0
74.01,54.65,51.66,7.68,64.61,1
56.83,49.54,79.33,8.18,81.48,1
65.22,69.4,78.14,4.72,46.11,1
75.71,25.91,87.09,4.03,51.04,1
62.09,36.03,55.94,4.86,50.77,0
69.23,35.78,61.56,5.84,45.57,1
90.09,72.11,40.41,7.23,53.75,1
66.35,85.79,59.11,5.01,73.87,1
87.54,53.12,79.95,6.55,41.03,1
58.05,51.96,58.0,9.1,67.7,0
82.95,56.26,74.61,5.95,29.37,0
96.62,75.91,62.14,5.78,49.9,1
37.93,38.31,69.86,1.2,54.07,0
63.05,59.29,47.78,0.5,90.15,0
83.66,72.55,66.28,5.97,55.05,1
71.95,64.02,20.13,4.76,20.38,0
80.57,58.41,62.2,3.71,24.02,1
65.94,73.02,40.54,5.61,60.61,1
76.3,10.0,83.09,4.85,71.05,0
72.66,67.2,76.66,7.82,66.76,1
92.52,43.23,72.0,5.22,63.02,1
78.82,22.05,87.82,3.13,80.92,0
80.06,64.2,50.77,7.48,50.29,1
68.82,79.73,91.21,4.46,76.11,1
67.69,52.53,78.98,6.32,30.62,1
68.51,72.15,61.45,3.81,43.71,1
80.92,84.02,82.03,3.38,27.47,1
68.69,78.67,48.41,5.21,55.05,1
79.35,84.52,52.63,5.03,59.17,1
100.0,68.36,55.87,6.2,62.05,1
88.07,56.36,57.07,4.33,61.11,1
70.11,26.16,49.15,0.5,43.3,0
93.02,50.57,83.35,3.92,56.58,1
68.88,39.82,61.12,6.98,33.05,1
44.43,94.08,70.29,4.26,84.54,1
59.88,51.83,56.44,4.38,54.53,0
46.94,57.22,37.69,7.47,51.2,0
69.73,64.93,69.05,3.22,88.6,1
75.28,55.78,36.32,1.14,37.64,0
100.0,85.51,63.97,4.6,39.74,1
79.9,43.79,44.48,3.79,40.27,1
71.71,58.5,94.81,2.58,58.78,1
87.44,41.64,78.67,4.56,67.77,1
41.83,31.24,66.59,6.23,73.31,1
78.53,43.99,83.96,4.98,100.0,1
86.56,54.33,52.31,5.77,20.0,0
52.82,47.27,73.15,9.53,70.96,1
92.16,42.54,68.0,4.14,49.97,0
80.08,29.69,68.96,5.7,49.44,0
68.77,53.5,84.09,3.73,48.84,1
84.49,27.92,75.99,2.88,43.64,0
100.0,68.68,69.33,3.54,90.32,1
77.73,56.48,40.18,3.8,75.16,1
78.72,28.76,50.6,5.9,60.42,0
68.11,49.43,63.16,10.87,84.32,1
62.25,41.46,66.4,3.21,32.77,0
87.46,60.75,48.05,3.96,36.05,0
62.16,79.13,100.0,4.84,20.8,1
76.07,21.25,87.75,5.99,47.41,0
67.84,57.07,74.03,5.66,62.91,0
82.18,52.12,66.08,8.21,61.85,1
80.0,67.08,61.82,0.5,62.69,1
90.56,58.84,50.72,0.5,34.6,0
67.35,41.46,66.16,3.76,74.46,1
70.95,49.26,68.87,7.74,64.31,1
60.32,40.67,46.37,1.09,73.19,0
68.34,74.37,70.01,0.5,25.93,0
80.66,55.38,62.67,6.43,65.61,1
86.35,89.22,36.38,5.61,38.62,1
61.17,53.91,52.09,2.27,52.85,0
88.04,42.25,58.8,2.54,69.62,1
95.33,27.75,93.32,2.58,61.64,1
81.2,22.54,73.35,5.28,44.67,0
100.0,26.49,44.97,3.43,60.11,0
63.39,59.81,72.29,6.24,32.43,0
56.33,64.16,41.79,0.5,80.7,0
48.32,26.54,81.24,2.86,56.3,0
97.44,71.11,57.93,2.18,80.13,1
84.82,46.3,63.6,4.36,50.52,1
74.17,57.64,84.89,3.65,50.58,1
79.2,84.02,45.69,6.99,46.24,1
58.12,71.14,44.04,0.5,75.77,1
100.0,50.17,56.25,5.11,47.23,1
76.94,38.96,80.58,6.4,71.6,1
76.64,16.27,42.21,9.64,53.12,1
85.89,42.06,22.52,3.8,24.43,1
82.22,51.2,58.23,5.81,49.73,0
78.36,37.23,73.28,0.5,38.78,0
63.14,52.64,83.0,0.5,60.61,0
82.07,56.38,58.05,7.11,38.57,1
100.0,50.95,58.83,4.99,76.67,1
95.18,43.3,82.31,7.95,58.36,1
98.9,58.04,36.95,1.57,56.8,0
67.33,62.95,59.17,6.3,71.81,0
60.16,35.37,67.86,9.67,77.35,1
73.11,80.4,71.74,6.05,59.64,1
75.84,53.23,57.35,5.69,46.12,0
91.41,55.34,65.52,5.02,28.07,1
49.61,67.75,27.68,1.07,47.65,0
97.94,59.2,55.13,8.39,48.89,1
72.63,72.16,71.8,3.47,61.93,1
68.6,60.17,50.27,6.26,53.79,0
59.82,43.98,65.88,1.09,72.38,0
50.18,61.51,71.7,2.05,48.97,0
87.35,34.41,59.86,8.59,58.97,1
76.1,56.95,67.56,4.13,81.31,0
55.65,54.4,50.56,8.63,66.15,1
55.57,51.25,61.9,4.8,58.92,0
69.96,52.69,74.15,0.5,49.17,0
100.0,21.13,67.35,7.23,48.6,1
71.11,45.12,56.2,3.53,44.69,0
52.45,56.67,68.36,6.75,50.26,0
71.31,57.88,75.72,5.06,73.6,1
70.91,36.5,34.25,1.14,56.01,1
34.55,77.78,82.39,5.41,35.7,1
74.19,39.41,59.96,10.49,91.83,1
71.54,72.45,71.38,6.23,65.76,1
85.44,62.69,82.96,4.86,34.68,1
100.0,43.37,44.42,7.69,52.05,1
91.9,86.96,54.36,5.53,62.0,1
70.97,33.51,60.67,5.52,90.68,0
58.4,71.54,53.24,2.27,40.05,1
100.0,73.01,91.02,5.58,77.57,1
75.89,42.93,52.15,7.59,85.19,1
75.21,80.06,56.67,2.91,48.68,0
74.64,50.5,68.07,8.56,55.0,1
77.97,60.2,46.97,4.77,41.35,1
72.83,59.69,59.06,2.78,56.34,1
66.4,52.58,69.76,7.49,59.34,1
66.8,69.59,60.01,4.28,71.87,1
74.51,69.28,63.6,6.9,79.62,1
66.85,23.53,57.06,4.27,46.53,0
64.31,78.48,42.28,4.85,24.59,0
76.6,25.08,69.82,6.23,59.62,0
71.18,73.59,91.32,5.73,65.28,1
97.56,75.28,65.28,0.5,64.49,1
35.24,35.36,68.38,2.2,54.12,0
91.37,47.61,75.39,7.32,62.25,1
93.69,35.1,45.96,4.67,87.28,1
43.9,51.13,90.54,3.69,66.87,0
69.86,49.46,68.03,1.6,53.28,1
69.43,69.03,89.48,2.3,51.0,1
53.89,78.59,54.0,0.5,56.94,1
63.33,80.12,92.27,4.75,89.46,1
58.34,44.88,76.63,3.5,56.7,0
100.0,51.23,73.3,2.58,59.64,1
89.04,24.7,68.51,4.83,51.32,0
94.07,40.49,61.27,5.91,79.78,1
85.83,72.37,83.01,10.23,95.28,1
58.06,84.08,67.11,1.22,68.11,1
67.13,32.78,35.49,7.9,61.49,1
82.34,44.34,48.24,7.43,60.66,1
56.67,54.52,62.21,3.05,20.0,0
85.69,60.04,69.65,5.51,73.41,1
71.4,40.43,64.15,3.86,62.41,0
69.38,62.63,83.28,5.46,67.71,1
85.66,46.47,35.73,8.77,47.19,0
81.66,54.74,67.15,6.51,53.08,1
69.59,64.83,37.73,6.27,52.6,1
92.39,55.12,76.4,3.92,78.39,1
58.78,47.15,63.58,1.29,53.18,0
84.24,53.03,71.29,4.48,97.49,1
83.9,53.41,52.04,8.02,67.76,1
70.36,48.34,84.19,1.18,37.04,0
79.89,50.34,80.63,2.36,57.69,1
56.23,83.78,73.75,5.32,48.27,1
88.86,65.1,63.06,2.54,20.5,0
72.23,49.68,73.7,3.02,88.79,1
67.16,67.55,54.4,3.94,72.66,1
90.74,48.99,77.83,1.59,69.6,1
64.43,76.12,89.74,2.56,62.98,0
53.87,61.65,81.06,6.76,35.12,0
51.65,53.07,54.06,1.73,51.29,0
84.09,63.06,70.42,1.01,75.15,0
55.79,26.72,45.6,3.42,41.08,0
100.0,34.72,73.59,6.83,20.0,1
43.77,33.51,71.76,4.51,55.91,1
100.0,57.57,36.95,3.84,57.45,1
78.17,86.19,47.57,5.11,62.44,1
73.55,95.16,60.75,0.64,73.11,1
66.83,66.48,60.49,6.24,71.48,1
80.99,64.02,46.86,5.96,64.66,1
74.44,22.58,70.83,3.98,81.52,0
91.55,45.23,68.77,7.51,32.66,1
76.71,40.82,62.09,2.18,69.08,1
77.25,43.82,53.66,7.82,71.28,1
69.55,51.97,80.73,5.39,37.69,1
74.15,46.5,89.83,4.16,32.95,1
79.62,19.37,57.75,4.95,46.57,0
49.35,68.46,55.82,4.73,48.09,1
54.78,35.69,72.37,8.05,73.56,1
86.15,59.31,59.63,2.31,48.94,0
77.56,92.33,62.91,3.09,44.59,1
72.24,38.45,76.09,7.59,48.99,1
75.28,10.0,36.36,3.51,80.14,0
80.21,49.85,84.77,7.25,60.23,1
66.9,74.82,66.09,9.25,56.77,1
63.33,90.25,58.83,4.0,58.02,1
77.94,32.87,63.66,6.7,83.26,1
60.32,63.94,64.44,2.12,46.51,0
81.12,46.62,39.03,6.89,83.68,1
49.46,53.09,87.42,5.5,63.79,0
90.44,100.0,65.62,6.18,57.11,1
82.09,27.95,71.65,3.39,100.0,1
78.84,59.57,79.27,0.85,41.0,1
89.74,63.42,49.68,6.26,53.63,1
99.98,74.54,72.1,0.5,37.82,1
90.22,56.76,60.99,4.21,77.14,1
47.39,60.54,77.7,7.35,90.41,0
55.81,47.95,33.09,5.48,90.06,0
65.63,59.84,63.51,9.87,82.03,1
75.39,48.82,55.96,7.56,56.44,0
82.76,66.19,71.48,3.37,53.43,1
64.11,48.35,72.05,5.07,29.92,0
77.8,61.79,54.39,4.88,96.65,1
63.67,54.47,54.32,1.04,68.44,1
65.83,75.27,63.34,2.65,51.14,1
53.9,54.07,51.55,3.6,83.91,0
61.15,23.09,77.63,0.5,42.49,0
54.72,77.71,59.46,5.12,67.32,1
60.36,38.7,21.4,4.38,56.89,0
90.8,43.23,59.38,0.82,71.5,1
60.76,44.28,49.42,6.01,58.86,0
100.0,79.74,40.53,6.79,33.88,0
82.4,16.56,46.44,5.57,61.36,0
77.77,100.0,66.64,4.19,78.88,1
62.12,74.01,84.93,6.48,59.47,1
85.5,59.02,69.7,6.7,73.95,1
66.37,54.01,55.9,5.77,41.18,1
76.83,60.14,71.84,2.94,59.53,1
100.0,64.38,58.11,5.69,48.76,1
73.56,66.61,54.58,7.99,73.45,1
92.24,65.0,47.68,3.51,60.57,0
64.45,56.61,38.72,10.24,72.42,1
74.48,51.45,59.15,3.69,79.58,1
100.0,52.28,67.37,5.08,72.45,1
65.6,51.49,63.55,3.32,64.92,1
100.0,75.41,58.76,5.56,42.03,1
85.62,65.68,50.81,0.64,59.95,1
66.56,10.0,74.12,3.63,50.4,0
84.49,66.81,45.24,2.27,53.81,0
89.59,58.51,76.64,5.34,53.26,1
84.33,54.66,49.97,7.49,42.36,0
51.45,48.01,53.71,6.62,24.77,0
64.09,75.23,43.0,0.5,47.97,1
71.29,72.06,57.48,10.11,63.48,1
73.88,41.09,79.63,5.74,35.73,1
84.31,62.33,72.73,3.06,60.28,1
77.67,37.51,79.68,5.39,94.2,1
54.97,30.17,72.83,5.44,78.42,0
80.7,43.72,48.44,3.33,89.58,1
84.16,70.52,60.04,5.49,67.04,1
83.4,72.16,53.3,3.48,81.02,1
91.21,64.24,84.96,3.99,46.97,1
87.51,68.05,47.05,3.28,48.4,1
81.89,64.29,78.41,1.42,20.0,0
73.95,43.45,78.39,5.36,81.35,0
50.09,62.77,92.44,6.46,87.73,1
81.44,69.41,58.85,6.29,50.04,1
78.12,68.58,75.68,7.05,55.43,1
79.07,76.4,99.22,5.81,46.43,1
55.85,67.75,55.74,3.67,66.89,0
58.78,61.33,41.97,7.1,80.25,1
90.8,74.26,36.8,1.61,28.63,1
74.41,54.52,75.69,2.75,67.37,1
85.22,39.13,36.75,2.59,55.02,1
75.42,52.06,59.42,7.7,62.04,1
75.45,41.59,71.56,7.36,68.26,1
89.07,42.85,67.78,6.22,56.61,0
67.26,52.4,71.38,7.68,58.14,1
76.44,40.74,68.33,2.8,56.15,0
68.07,49.46,84.18,5.87,77.47,1
68.48,20.91,50.72,4.69,67.54,0
70.36,58.84,54.85,7.12,63.97,1
78.33,55.02,53.41,4.71,37.12,0
67.82,40.29,77.45,4.04,53.19,1
93.84,66.87,78.51,6.35,76.18,1
61.58,71.88,71.77,7.19,60.68,1
72.2,26.06,82.75,3.33,71.87,1
68.4,41.27,47.33,4.85,91.8,0
96.7,41.16,90.01,2.35,78.69,1
77.95,38.08,87.85,0.5,61.68,0
90.48,69.93,76.03,5.5,50.8,1
52.72,51.51,91.73,6.52,20.0,0
79.01,50.24,40.15,5.66,56.97,0
88.34,18.93,57.13,0.5,54.13,0
76.23,66.44,53.97,4.12,67.03,1
90.98,32.69,75.82,0.5,57.23,0
67.24,56.08,49.25,8.42,54.23,1
96.14,59.99,76.36,2.28,27.97,1
100.0,79.49,85.56,8.14,43.08,1
69.56,31.44,75.43,7.36,68.58,1
68.32,10.0,69.26,2.75,90.89,0
96.8,58.31,50.18,2.17,58.24,1
98.69,87.41,52.3,5.88,65.9,1
67.16,77.3,83.74,2.89,77.14,1
68.7,58.77,76.69,5.26,45.4,1
70.77,46.15,64.41,3.79,66.6,0
54.83,69.53,58.73,0.55,46.67,0
61.22,37.48,34.61,0.5,75.57,0
59.94,63.57,48.94,5.57,62.73,0
63.48,64.1,93.67,3.6,65.37,1
74.48,74.08,45.79,3.62,45.91,1
78.51,100.0,67.84,6.74,72.73,1
98.26,62.06,80.11,7.93,97.52,1
60.02,45.84,46.18,4.32,41.86,0
89.76,54.54,67.77,4.15,53.88,1
71.79,23.16,79.07,6.25,64.17,0
74.26,42.5,65.19,1.61,74.16,0
85.12,47.63,100.0,5.56,49.93,1
58.16,45.57,39.97,6.38,20.0,1
80.74,57.74,80.88,6.7,84.47,1
77.5,40.2,62.41,0.5,73.69,1
82.39,75.18,76.58,3.1,28.63,1
79.34,55.0,71.62,2.8,49.06,1
100.0,54.83,54.0,5.25,88.23,1
65.43,49.1,68.43,6.2,86.06,1
67.04,57.79,37.13,8.74,76.9,1
65.65,69.85,74.05,3.76,56.83,0
66.67,39.39,69.47,3.76,61.49,0
65.44,43.15,74.58,7.87,57.64,1
92.84,49.53,80.87,5.74,80.31,1
96.31,30.77,70.51,8.17,44.23,1
66.44,40.25,67.22,5.72,45.5,1
62.51,46.43,51.78,2.11,78.18,0
82.07,70.74,54.32,1.67,59.2,1
66.72,59.73,82.8,1.12,84.81,1
84.49,58.48,86.55,6.66,47.91,1
78.04,70.32,61.43,7.97,59.01,1
52.26,52.53,65.69,9.62,43.4,1
98.21,62.03,51.43,7.11,60.13,1
100.0,53.14,82.59,7.91,33.39,1
65.81,59.78,74.98,3.55,51.22,1
69.18,44.51,94.12,2.11,34.15,1
79.29,11.1,51.83,7.13,72.49,1
80.02,52.58,59.33,6.04,72.9,1
84.88,80.61,68.47,5.27,28.86,1
100.0,71.67,74.7,5.97,84.01,1
72.35,72.38,61.76,5.81,100.0,1
63.03,77.25,51.91,8.21,60.83,1
54.31,56.6,78.22,8.24,48.46,0
64.04,58.55,75.82,6.36,100.0,1
74.5,43.88,51.26,7.11,36.26,0
100.0,49.31,85.33,6.29,60.36,1
67.24,66.08,82.55,3.85,63.23,1
78.36,76.67,67.01,6.89,84.21,1
74.75,52.49,66.19,1.51,66.48,0
92.83,46.9,73.31,7.63,51.02,0
100.0,55.01,52.07,2.01,42.88,1
67.04,65.82,65.45,5.71,53.85,1
67.66,29.01,32.71,2.89,41.88,0
90.66,13.67,78.15,6.38,60.86,0
85.23,45.09,41.58,4.92,49.84,1
100.0,33.03,87.55,1.01,33.11,0
83.76,45.85,60.05,6.05,82.59,0
69.61,52.34,61.82,3.56,51.04,1
83.86,46.84,55.58,7.2,37.17,0
91.63,81.14,60.68,5.0,56.97,1
87.31,60.88,86.28,5.99,61.23,1
82.61,60.41,27.68,2.61,28.56,1
91.0,66.2,84.15,3.53,65.97,1
92.54,34.5,70.07,3.85,41.15,1
95.73,73.7,46.89,7.14,90.8,1
84.73,53.64,48.87,9.19,69.43,1
72.49,67.07,90.15,2.99,52.8,1
77.2,35.71,50.82,7.69,46.59,0
93.1,27.03,47.7,0.5,58.11,0
62.75,69.72,82.06,2.01,71.03,0
80.53,61.78,70.08,2.6,59.54,1
69.1,38.76,50.93,1.62,56.09,0
75.43,39.35,68.25,1.04,61.05,0
94.18,75.26,49.61,6.03,49.13,1
77.87,33.59,81.51,4.46,53.82,0
75.7,84.57,80.92,5.95,22.46,1
54.6,38.79,72.98,6.73,77.53,0
86.19,66.49,70.42,5.66,65.38,1
84.68,49.08,91.42,6.64,46.08,1
100.0,65.86,65.0,4.83,94.18,1
70.38,45.21,47.27,2.03,61.57,0
78.29,52.07,71.74,7.64,41.35,1
78.74,55.74,96.29,3.53,75.42,1
98.66,36.96,49.78,2.66,67.16,1
73.57,68.33,59.58,4.56,67.1,1
79.19,45.76,71.25,2.72,52.34,0
84.12,50.89,64.19,3.96,68.11,0
77.8,37.1,50.27,5.86,55.29,1
68.3,10.0,81.83,5.87,70.01,1
77.91,51.56,99.8,2.76,25.71,1
91.1,98.43,67.94,3.78,52.19,1
59.6,69.12,51.44,7.69,91.0,1
76.99,54.65,41.77,6.24,46.19,1
64.5,50.27,68.87,10.19,49.13,1
92.93,55.4,81.56,7.95,51.94,1
52.15,64.85,72.13,7.86,38.13,0
66.62,33.75,64.96,1.53,20.25,0
80.66,75.06,56.16,6.91,55.85,1
98.48,67.88,48.62,4.87,62.45,1
74.01,67.93,77.52,3.62,59.05,1
66.67,62.89,78.71,5.42,57.39,1
100.0,55.35,41.81,7.36,60.77,1
53.28,67.11,88.85,6.25,78.41,1
42.02,65.65,73.61,2.8,56.57,0
81.6,48.63,85.99,6.86,49.67,1
67.47,44.68,44.87,3.41,54.94,0
59.68,56.83,44.51,5.54,70.43,1
85.63,82.88,62.77,4.24,85.42,1
78.66,32.7,72.54,4.45,48.69,0
66.54,28.58,91.95,6.92,61.78,0
55.8,57.97,75.59,2.4,66.09,0
88.09,55.92,61.36,9.86,42.13,1
84.75,58.12,49.6,0.5,60.37,1
73.51,59.39,83.45,3.51,33.62,1
100.0,50.98,50.53,5.93,28.16,0
58.95,81.82,89.43,6.46,66.6,1
52.12,26.18,60.73,4.75,53.09,0
64.62,40.09,88.86,4.86,63.64,1
74.32,53.14,75.18,6.03,59.68,1
78.65,25.42,62.95,4.42,42.42,0
71.38,51.83,57.21,8.48,59.19,0
80.28,84.91,59.89,7.1,37.8,1
56.23,55.38,71.42,7.18,85.04,0
96.66,59.15,66.16,2.58,35.59,1
73.77,32.32,56.09,4.8,56.48,0
91.76,43.91,62.52,4.25,41.24,0
80.14,48.25,66.18,2.49,70.27,1
81.85,49.28,33.07,5.9,54.03,1
83.55,78.07,71.87,3.66,50.66,1
81.72,65.04,50.3,6.64,75.36,1
84.64,34.99,47.7,2.32,60.53,1
94.94,59.44,39.69,9.3,69.3,1
77.95,63.97,38.09,2.76,42.34,1
85.64,75.52,44.67,5.55,34.71,1
73.65,83.45,54.36,6.98,61.93,1
96.6,36.73,94.3,3.57,54.26,1
64.85,40.4,57.11,7.13,71.28,0
100.0,32.36,67.67,1.93,58.56,1
74.4,50.79,71.01,8.63,63.69,1
53.54,63.39,66.97,5.04,30.78,1
76.92,72.77,63.84,3.51,93.99,1
64.78,53.63,47.07,4.25,57.04,0
87.61,49.24,86.76,7.02,72.56,1
65.21,57.73,92.11,3.54,44.95,1
68.31,39.97,39.76,3.13,65.54,1
46.66,92.61,49.64,4.45,36.55,1
68.22,26.06,60.8,2.06,68.14,0
38.64,58.33,50.53,9.55,53.59,1
51.24,91.42,72.59,3.58,60.53,1
86.41,55.12,54.08,7.08,72.56,0
86.79,51.58,97.48,5.52,37.81,1
81.38,48.57,82.86,2.54,47.68,1
60.5,51.75,68.19,4.99,68.23,1
74.28,79.71,80.4,6.96,97.77,1
74.95,15.19,81.59,4.53,57.51,0
57.62,82.6,56.54,7.98,70.64,1
97.55,29.37,52.76,7.55,58.07,0
88.16,50.2,66.17,7.3,94.96,1
71.69,47.27,77.92,3.85,28.55,0
75.4,65.59,67.09,2.3,61.7,1
78.13,26.23,41.35,3.47,30.74,0
44.37,63.32,52.96,5.49,20.0,0
71.29,91.44,63.89,6.36,65.35,1
64.77,30.46,63.87,0.5,62.51,0
59.98,58.41,94.59,4.98,54.87,1
70.78,43.08,44.21,5.4,58.09,0
100.0,62.67,72.58,4.31,100.0,1
84.61,55.34,87.34,8.23,55.35,1
66.43,43.45,99.07,6.05,69.18,1
83.59,63.78,58.93,8.28,48.31,1
95.99,87.48,72.37,4.46,65.31,1
88.87,51.56,73.55,7.34,55.71,0
75.89,67.96,67.93,9.09,52.61,1
65.3,31.72,63.52,8.28,92.74,1
85.47,37.78,71.54,2.27,81.19,1
80.9,63.5,27.02,4.37,62.46,1
88.43,81.71,75.23,4.14,20.0,1
84.53,61.4,66.89,6.22,53.5,1
90.74,49.36,61.66,6.72,100.0,1
66.97,54.99,95.7,2.9,55.85,1
94.76,32.49,54.88,5.17,79.86,1
77.96,65.88,58.95,0.5,85.95,1
100.0,70.88,94.87,8.6,63.94,1
64.66,46.86,52.52,3.72,44.85,0
100.0,46.54,56.75,5.14,20.0,0
77.97,59.79,62.79,4.23,72.31,1
65.23,47.14,77.61,7.87,45.33,1
67.74,53.81,68.12,0.5,63.17,0
70.19,92.79,45.61,4.96,37.5,1
81.36,50.55,57.02,4.74,55.23,1
82.84,48.55,55.89,3.87,60.61,1
66.39,43.34,63.84,9.32,64.83,0
74.63,68.4,71.39,2.78,39.93,1
100.0,51.74,71.27,6.93,81.54,1
100.0,43.31,38.36,5.89,49.26,1
81.54,78.78,80.96,8.15,29.86,1
75.57,80.55,68.79,3.33,58.04,1
76.8,44.19,85.77,3.17,60.62,0
84.2,21.4,71.66,7.74,62.89,0
59.66,73.14,81.52,6.06,84.52,1
71.14,42.68,72.0,1.14,55.74,0
49.97,69.23,85.19,3.65,57.85,1
80.99,19.54,72.83,5.97,40.14,0
84.71,71.07,63.53,7.09,74.77,1
67.75,33.2,99.09,3.3,63.32,1
98.61,68.15,78.34,0.5,52.44,1
56.61,55.26,73.61,6.31,25.72,0
53.03,37.83,45.86,1.95,86.0,0
78.37,47.67,45.68,0.5,37.9,0
90.71,67.35,69.39,0.5,49.36,1
100.0,56.91,67.18,7.03,66.45,1
68.12,65.52,55.79,5.32,38.46,0
91.18,90.58,67.11,4.44,33.12,1
74.42,26.84,88.83,8.47,21.77,0
72.41,84.11,75.43,6.59,72.98,1
88.25,56.88,47.88,9.04,50.19,1
84.78,38.82,63.33,1.52,100.0,1
51.35,31.05,52.93,4.91,42.1,0
97.15,51.6,59.18,0.96,43.41,0
95.7,71.59,58.8,4.43,49.82,1
65.62,52.7,57.84,4.38,64.38,1
80.94,82.2,46.17,6.57,51.54,1
82.41,28.88,63.09,5.11,71.02,1
78.91,54.78,56.59,6.56,42.39,1
66.75,32.46,21.06,6.76,35.13,0
64.93,61.55,95.79,10.39,27.63,0
74.62,70.96,81.33,4.21,20.0,1
92.59,47.43,59.36,2.65,50.67,1
83.15,10.0,65.28,5.62,54.58,1
69.44,58.58,47.43,2.99,48.63,1
86.58,62.86,90.44,8.7,82.38,1
32.27,62.28,93.46,4.29,82.1,1
92.23,77.24,67.35,3.59,53.97,1
48.9,35.72,80.35,3.82,27.71,0
69.56,67.24,67.63,6.8,49.8,1
58.2,76.47,44.95,4.61,49.2,0
55.58,22.99,58.82,3.4,48.17,0
92.41,60.75,66.98,9.16,47.44,1
67.98,45.92,58.18,2.86,48.24,1
80.2,53.53,61.72,5.09,53.04,0
74.3,61.26,63.63,6.63,48.56,1
82.16,46.23,63.79,0.92,63.75,0
76.15,42.84,65.78,6.2,66.49,0
55.76,55.61,49.09,2.36,43.61,1
89.94,35.43,54.24,7.06,82.88,1
67.59,35.46,45.73,2.59,42.36,0
51.65,67.23,79.67,6.73,30.88,1
68.58,34.32,33.42,7.76,66.85,1
97.51,66.99,82.3,7.15,45.29,1
87.75,63.33,85.8,5.63,65.78,1
69.77,23.94,60.47,4.42,20.0,0
69.76,42.8,25.95,3.56,85.06,1
70.18,76.49,59.58,8.68,72.1,1
100.0,37.34,64.04,3.25,32.99,0
80.73,46.64,49.84,2.41,33.38,0
81.45,63.32,57.27,6.66,90.1,1
90.45,69.1,87.95,3.01,46.73,1
78.58,50.47,74.97,2.62,44.98,0
71.11,44.24,51.13,1.39,20.0,0
72.05,80.6,41.04,3.79,53.69,1
73.93,86.3,60.09,4.79,55.9,1
74.44,72.62,61.8,5.61,72.88,1
85.91,56.54,72.44,7.38,34.82,0
75.78,40.45,56.97,6.32,32.63,1
85.99,40.05,72.67,4.52,68.12,1
73.79,64.41,94.03,4.5,78.12,1
76.18,62.53,77.23,6.28,31.72,1
45.03,80.23,64.28,8.18,79.47,1
88.74,66.71,62.25,5.32,60.68,1
80.2,27.94,59.65,3.83,79.65,0
89.97,73.94,82.71,2.52,58.74,1
31.56,37.03,55.59,1.39,20.0,0
100.0,48.09,65.68,6.67,57.26,1
72.91,59.5,65.77,6.44,79.08,1
91.62,90.92,57.47,6.44,43.91,1
59.4,100.0,44.41,4.68,53.02,1
84.19,65.92,69.84,8.52,56.83,1
59.2,51.7,64.08,3.79,20.0,0
65.64,64.62,72.5,7.39,90.08,0
100.0,70.98,57.0,4.9,43.78,1
72.14,49.23,83.31,3.48,69.1,0
78.26,87.31,51.85,6.48,58.44,1
88.05,59.14,90.68,6.02,82.64,1
82.44,63.96,38.79,5.89,67.31,1
77.26,66.99,71.52,5.2,55.77,1
80.47,62.59,72.13,4.91,43.92,1
100.0,70.1,53.07,10.97,74.36,1
74.14,43.89,71.37,7.96,26.28,0
78.02,44.95,84.19,6.81,71.63,1
90.76,35.2,31.75,5.28,40.22,1
91.58,62.91,72.54,7.52,82.54,1
92.81,69.02,27.6,6.29,62.9,1
84.58,63.24,50.52,5.07,71.59,1
57.85,85.14,89.44,4.24,61.48,1
99.5,54.9,56.27,4.8,28.46,1
57.8,67.04,47.39,0.5,44.51,0
79.54,35.35,62.03,5.53,72.1,1
63.69,48.03,96.02,3.78,63.0,1
74.04,67.52,37.52,8.98,81.26,1
79.93,70.28,49.23,5.05,67.26,1
79.82,49.71,87.46,2.03,42.6,1
81.33,53.71,92.87,4.88,45.67,1
99.21,27.68,63.45,2.38,61.85,1
81.8,48.57,46.41,6.18,20.0,0
71.34,71.03,96.44,5.73,90.12,1
89.46,65.35,88.92,7.39,67.95,1
92.84,64.01,75.18,3.02,82.09,1
56.59,55.9,52.81,5.09,31.55,0
83.96,55.13,64.26,1.59,82.4,1
85.52,43.11,62.59,6.75,100.0,1
70.54,67.58,69.96,6.3,36.22,0
95.64,62.58,86.77,6.24,73.89,1
72.75,63.86,78.19,5.0,60.02,1
76.88,45.53,48.84,6.04,32.2,0
72.4,16.24,85.65,9.01,68.87,1
75.23,74.75,69.7,4.29,75.0,1
58.56,46.38,75.31,5.35,49.18,1
53.4,39.47,87.0,2.28,80.99,0
98.92,67.48,48.33,2.83,30.0,1
62.3,47.94,64.46,5.24,33.09,0
60.13,74.08,57.03,7.76,62.46,1
42.7,66.11,41.48,4.36,60.46,1
65.42,67.3,70.2,4.41,47.1,0
55.15,30.41,100.0,3.98,74.57,1
99.63,76.81,37.4,3.66,69.56,1
90.15,59.7,64.52,5.74,75.45,0
64.68,48.35,74.61,1.26,57.78,1
100.0,57.58,66.85,8.2,70.85,1
89.73,23.03,63.3,3.34,51.98,0
70.13,62.36,45.51,6.8,96.97,1
37.51,36.47,68.49,1.83,45.37,0
100.0,30.65,53.65,6.67,97.9,1
54.16,27.6,32.15,6.68,60.63,0
50.32,75.03,82.92,5.96,35.24,0
90.34,43.67,79.38,2.51,84.63,1
100.0,82.61,65.77,5.62,62.27,1
95.76,45.36,68.44,2.04,75.32,1
83.46,24.27,81.11,4.37,82.03,1
83.92,34.9,68.37,7.57,66.08,1
87.8,77.24,78.56,6.99,49.34,1
86.38,52.19,60.54,5.04,77.56,1
79.22,45.13,84.68,2.56,60.01,1
76.56,57.88,69.81,6.61,72.35,1
74.06,64.03,67.91,5.05,21.23,1
63.69,75.11,45.95,0.5,68.05,1
70.79,81.07,69.3,6.96,48.51,1
49.61,48.52,52.52,4.94,89.76,1
73.52,31.13,55.43,8.01,71.22,0
60.17,47.56,52.77,2.26,64.32,0
58.45,59.69,49.01,0.5,68.75,0
77.7,37.65,96.87,5.7,42.03,1
95.88,37.77,84.97,5.73,89.22,1
88.77,61.19,93.81,0.77,95.84,1
51.44,54.12,46.66,2.55,67.07,0
60.16,55.59,66.07,11.89,88.63,1
89.11,41.35,45.6,4.24,49.76,1
60.26,50.85,54.56,6.83,45.65,0
71.63,38.36,51.23,3.37,60.74,1
83.25,71.02,83.59,0.5,67.83,1
60.47,73.63,59.06,4.57,52.91,0
76.58,21.77,81.03,4.34,69.68,0
54.99,38.27,74.06,4.0,65.52,0
65.98,28.06,99.55,4.71,42.03,0
79.8,43.3,42.81,5.66,69.34,1
51.11,53.5,83.89,4.62,75.54,1
81.61,28.91,82.2,1.84,63.09,1
74.71,38.41,50.4,6.22,80.75,1
83.29,36.93,80.11,0.5,38.09,0
78.36,58.73,70.04,0.5,68.42,1
95.46,56.25,61.59,6.85,38.93,0
